,,,,,,,,,,,,,,,,,
Dantex,,,,,,,,,,,,,,,,,
,Серия ADVANCE PRO PLUS 2 INVERTER,,инвертор,wi-fi,труба жидкостная,труба газовая,кабель межблочный,кабель питания,автомат эл,настенный кронштейн,Кронштейн с планкой Tecnosystemi ,гарантия,подключение питания,"max длинна трубопровода, м","max перепад высот, м",Короб и фасонные части к нему,"РРЦ, руб"
,,RK-09SAT2I/RK-09SAT2IE,да,опция,"1/4"" (6,35мм)","3/8"" (9,53мм)","5х1,5мм","3х1,5мм",10а,кронштейн 450х390х2,GALILEO SGL 100 EVO (400х750х430),4 года ,Наружный блок,25,10,OPT 62,1890
,,RK-12SAT2I/RK-12SAT2IE,да,опция,"1/4"" (6,35мм)","3/8"" (9,53мм)","5х1,5мм","3х1,5мм",10а,кронштейн 450х390х2,GALILEO SGL 100 EVO (400х750х430),4 года ,Наружный блок,25,10,OPT 62,1995
,,RK-18SAT2I/RK-18SAT2IE,да,опция,"1/4"" (6,35мм)","3/8"" (9,53мм)","5х1,5мм","3х2,5мм",16а,Кронштейн КС 450х500,GALILEO SGL 140 EVO (400х750х475),4 года ,Наружный блок,25,10,OPT 75,3290
,,RK-24SAT2I/RK-24SAT2IE,да,опция,"1/4"" (6,35мм)","1/2""(12,7мм)","5х1,5мм","3х2,5мм",16а,Кронштейн КС 450х500,GALILEO SGL 100 XLL EVO (400х750х625),4 года ,Наружный блок,25,10,OPT 102,3850
,,,,,,,,,,,,,,,,,
,Серия SPACE 3 INVERTER,,,,,,,,,,,,,,,,
,,RK-09SSI3/RK-09SSI3E,да,нет,"1/4"" (6,35мм)","3/8"" (9,53мм)","5х1,5мм","3х1,5мм",10а,кронштейн 450х390х2,GALILEO SGL 100 EVO (400х750х430),4 года ,Наружный блок,15,10,OPT 62,1970
,,RK-12SSI3/RK-12SSI3E,да,нет,"1/4"" (6,35мм)","3/8"" (9,53мм)","5х1,5мм","3х1,5мм",10а,кронштейн 450х390х2,GALILEO SGL 100 EVO (400х750х430),4 года ,Наружный блок,15,10,OPT 62,2230
,,RK-18SSI3/RK-18SSI3E,да,нет,"1/4"" (6,35мм)","1/2""(12,7мм)","5х1,5мм","3х2,5мм",16а,Кронштейн КС 450х500,GALILEO SGL 140 EVO (400х750х475),4 года ,Наружный блок,25,10,OPT 75,3460
,,RK-24SSI3/RK-24SSI3E,да,нет,"1/4"" (6,35мм)","5/8""(15,9мм)","5х1,5мм","3х2,5мм",16а,Кронштейн КС 450х500,GALILEO SGL 100 XLL EVO (400х750х625),4 года ,Наружный блок,25,10,OPT 102,4150
,,,,,,,,,,,,,,,,,
,Серия CORSO INVERTER,,,,,,,,,,,,,,,,
,,RK-09SDMI/RK-09SDMIE,да,опция,"1/4"" (6,35мм)","3/8"" (9,53мм)","5х1,5мм","3х1,5мм",10а,кронштейн 450х390х2,GALILEO SGL 100 EVO (400х750х430),4 года ,Наружный блок,25,10,OPT 62,1680
,,RK-12SDMI/RK-12SDMIE,да,опция,"1/4"" (6,35мм)","3/8"" (9,53мм)","5х1,5мм","3х1,5мм",10а,кронштейн 450х390х2,GALILEO SGL 100 EVO (400х750х430),4 года ,Наружный блок,25,10,OPT 62,1750
,,RK-18SDMI/RK-18SDMIE,да,опция,"1/4"" (6,35мм)","1/2""(12,7мм)","5х1,5мм","3х2,5мм",16а,Кронштейн КС 450х500,GALILEO SGL 140 EVO (400х750х475),4 года ,Наружный блок,30,20,OPT 75,2730
,,RK-24SDMI/RK-24SDMIE,да,опция,"3/8"" (9,53мм)","5/8""(15,9мм)","5х1,5мм","3х2,5мм",16а,Кронштейн КС 450х500,GALILEO SGL 100 XLL EVO (400х750х625),4 года ,Наружный блок,50,25,OPT 102,3675
,,,,,,,,,,,,,,,,,
,"ADVANCE PRO PLUS 2 
INVERTER",,,,,,,,,,,,,,,,
,,RK-09SAT2I/RK-09SAT2IE,да,да,"1/4"" (6,35мм)","3/8"" (9,53мм)","5х1,5мм","3х1,5мм",10а,кронштейн 450х390х2,GALILEO SGL 100 EVO (400х750х430),4 года ,Наружный блок,25,10,OPT 62,1890
,,RK-12SAT2I/RK-12SAT2IE,да,да,"1/4"" (6,35мм)","3/8"" (9,53мм)","5х1,5мм","3х1,5мм",10а,кронштейн 450х390х2,GALILEO SGL 100 EVO (400х750х430),4 года ,Наружный блок,25,10,OPT 62,1995
,,RK-18SAT2I/RK-18SAT2IE,да,да,"1/4"" (6,35мм)","3/8"" (9,53мм)","5х1,5мм","3х2,5мм",16а,Кронштейн КС 450х500,GALILEO SGL 140 EVO (400х750х475),4 года ,Наружный блок,25,10,OPT 75,3290
,,RK-24SAT2I/RK-24SAT2IE,да,да,"1/4"" (6,35мм)","1/2""(12,7мм)","5х1,5мм","3х2,5мм",16а,Кронштейн КС 450х500,GALILEO SGL 100 XLL EVO (400х750х625),4 года ,Наружный блок,25,10,OPT 102,3850
,,,,,,,,,,,,,,,,,
,ADVANCE PRO PLUS 2 BLACK MIRROR,,,,,,,,,,,,,,,,
,,RK-09SAT2BI Black PLUS/RK-09SAT2BIE,да,да,"1/4"" (6,35мм)","3/8"" (9,53мм)","5х1,5мм","3х1,5мм",10а,кронштейн 450х390х2,GALILEO SGL 100 EVO (400х750х430),4 года ,Наружный блок,25,10,OPT 62,1920
,,RK-12SAT2BI Black PLUS/RK-12SAT2BIE,да,да,"1/4"" (6,35мм)","3/8"" (9,53мм)","5х1,5мм","3х1,5мм",10а,кронштейн 450х390х2,GALILEO SGL 100 EVO (400х750х430),4 года ,Наружный блок,25,10,OPT 62,2240
,,,,,,,,,,,,,,,,,
,Серия ADVANCE 2,,,,,,,,,,,,,,,,
,,RK-09SAT2/RK-09SAT2E,нет,опция,"1/4"" (6,35мм)","3/8"" (9,53мм)","5х1,5мм","3х1,5мм",10а,кронштейн 450х390х2,GALILEO SGL 100 EVO (400х750х430),4 года ,к внутреннему блоку,15,5,OPT 62,1230
,,RK-12SAT2/RK-12SAT2E,нет,опция,"1/4"" (6,35мм)","3/8"" (9,53мм)","5х1,5мм","3х1,5мм",10а,кронштейн 450х390х2,GALILEO SGL 100 EVO (400х750х430),4 года ,к внутреннему блоку,15,5,OPT 62,1580
,,RK-18SAT2/RK-18SAT2E,нет,опция,"1/4"" (6,35мм)","1/2""(12,7мм)","5х1,5мм","3х2,5мм",16а,Кронштейн КС 450х500,GALILEO SGL 140 EVO (400х750х475),4 года ,к внутреннему блоку,15,5,OPT 75,2480
,,RK-24SAT2/RK-24SAT2E,нет,опция,"1/4"" (6,35мм)","1/2""(12,7мм)","5х1,5мм","3х2,5мм",16а,Кронштейн КС 450х500,GALILEO SGL 100 XLL EVO (400х750х625),4 года ,к внутреннему блоку,25,10,OPT 102,3160
,,,,,,,,,,,,,,,,,
,Серия ECO NEW,,,,,,,,,,,,,,,,
,,RK-09ENT4/RK-09ENT4E,нет,нет,"1/4"" (6,35мм)","3/8"" (9,53мм)","5х1,5мм","3х1,5мм",10а,кронштейн 450х390х2,GALILEO SGL 100 EVO (400х750х430),4 года ,к внутреннему блоку,15,5,OPT 62,1400
,,RK-12ENT4/RK-12ENT4E,нет,нет,"1/4"" (6,35мм)","3/8"" (9,53мм)","5х1,5мм","3х1,5мм",10а,кронштейн 450х390х2,GALILEO SGL 100 EVO (400х750х430),4 года ,к внутреннему блоку,15,5,OPT 62,1575
,,RK-18ENT4/RK-18ENT4E,нет,нет,"1/4"" (6,35мм)","1/2""(12,7мм)","5х1,5мм","3х2,5мм",16а,Кронштейн КС 450х500,GALILEO SGL 140 EVO (400х750х475),4 года ,к внутреннему блоку,15,5,OPT 75,2345
,,,,,,,,,,Кронштейн КС 450х500,GALILEO SGL 100 XLL EVO (400х750х625),,,,,,
,Серия CONCORDE INVERTER,,,,,,,,,,,,,,,,
,,RK-09SCDGI/RK-09SCDGIE,да,нет,"1/4"" (6,35мм)","3/8"" (9,53мм)","5х1,5мм","3х1,5мм",10а,кронштейн 450х390х2,GALILEO SGL 100 EVO (400х750х430),4 года ,Наружный блок,15,10,OPT 62,1995
,,RK-12SCDGI/RK-12SCDGIE,да,нет,"1/4"" (6,35мм)","1/2""(12,7мм)","5х1,5мм","3х1,5мм",10а,кронштейн 450х390х2,GALILEO SGL 100 EVO (400х750х430),4 года ,Наружный блок,20,10,OPT 62,2065
,,RK-18SCDGI/RK-18SCDGIE,да,нет,"1/4"" (6,35мм)","1/2""(12,7мм)","5х1,5мм","3х2,5мм",16а,Кронштейн КС 450х500,GALILEO SGL 140 EVO (400х750х475),4 года ,Наружный блок,25,10,OPT 75,3675
,,RK-24SCDGI/RK-24SCDGIE,да,нет,"1/4"" (6,35мм)","1/2""(12,7мм)","5х1,5мм","3х2,5мм",16а,Кронштейн КС 450х500,GALILEO SGL 100 XLL EVO (400х750х625),4 года ,Наружный блок,25,10,OPT 102,4550
,,,,,,,,,,,,,,,,,
MIDEA,,,,,,,,,,,,,,,,,
,Сплит-система PARAMOUNT ON/OFF,,,,,,,,,,,,,,,,
,,MSAG1-09HRN1-I/O,нет,опция,"1/4"" (6,35мм)","3/8"" (9,53мм)","5х1,5мм","3х1,5мм",10а,кронштейн 450х390х2,GALILEO SGL 100 EVO (400х750х430),4 года ,к внутреннему блоку,20,8,OPT 62,1537
,,MSAG1-12HRN1-I/O,нет,опция,"1/4"" (6,35мм)","1/2""(12,7мм)","5х1,5мм","3х1,5мм",10а,кронштейн 450х390х2,GALILEO SGL 100 EVO (400х750х430),4 года ,к внутреннему блоку,20,8,OPT 62,1950
,,MSAG1-18HRN1-I/O,нет,опция,"1/4"" (6,35мм)","1/2""(12,7мм)","5х1,5мм","3х1,5мм",16а,Кронштейн КС 450х500,GALILEO SGL 140 EVO (400х750х475),4 года ,к внутреннему блоку,25,10,OPT 75,3266
,,MSAG1-24HRN1-I/O,нет,опция,"1/4"" (6,35мм)","5/8""(15,9мм)","5х1,5мм","3х2,5мм",16а,Кронштейн КС 450х500,GALILEO SGL 100 XLL EVO (400х750х625),4 года ,к внутреннему блоку,25,10,OPT 102,4221
,,,,,,,,,,,,,,,,,
,Сплит-система PARAMOUNT INVERTER,,,,,,,,,,,,,,,,
,,MSAG1-09N8C2S-I/O,да,опция,"1/4"" (6,35мм)","3/8"" (9,53мм)","5х1,5мм","3х1,5мм",10а,кронштейн 450х390х2,GALILEO SGL 100 EVO (400х750х430),4 года ,Наружный блок,25,10,OPT 62,2174
,,MSAG1-12N8C2U-I/O,да,опция,"1/4"" (6,35мм)","3/8"" (9,53мм)","5х1,5мм","3х2,5мм",10а,кронштейн 450х390х2,GALILEO SGL 100 EVO (400х750х430),4 года ,Наружный блок,25,10,OPT 62,2461
,,MSAG1-18N8D0-I/O,да,опция,"1/4"" (6,35мм)","1/2""(12,7мм)","5х1,5мм","3х2,5мм",16а,Кронштейн КС 450х500,GALILEO SGL 140 EVO (400х750х475),4 года ,Наружный блок,30,20,OPT 75,4092
,,MSAG1-24N8D0-I/O,да,опция,"3/8"" (9,53мм)","5/8""(15,9мм)","5х1,5мм","3х2,5мм",16а,Кронштейн КС 450х500,GALILEO SGL 100 XLL EVO (400х750х625),4 года ,Наружный блок,50,25,OPT 102,5234
,,,,,,,,,,,,,,,,,
,Сплит-система UNLIMITED INVERTER,,,,,,,,,,,,,,,,
,,MSAG2-18N8D0-I/O,да,опция,"1/4"" (6,35мм)","1/2""(12,7мм)","5х1,5мм","3х2,5мм",16а,Кронштейн КС 450х500,GALILEO SGL 140 EVO (400х750х475),4 года ,Наружный блок,30,20,OPT 75,4092
,,MSAG2-24N8D0-I/O,да,опция,"3/8"" (9,53мм)","5/8""(15,9мм)","5х1,5мм","3х2,5мм",16а,Кронштейн КС 450х500,GALILEO SGL 100 XLL EVO (400х750х625),4 года ,Наружный блок,50,25,OPT 102,5243
,,,,,,,,,,,,,,,,,
,Сплит-система BREEZELESS,,,,,,,,,,,,,,,,
,,MSFA2W-09N8D6,да,да,"1/4"" (6,35мм)","3/8"" (9,53мм)","5х1,5мм","3х1,5мм",10а,кронштейн 450х390х2,GALILEO SGL 100 EVO (400х750х430),4 года ,к внутреннему блоку,25,10,OPT 62,3311
,,MSFA2W-12N8D6,да,да,"1/4"" (6,35мм)","3/8"" (9,53мм)","5х1,5мм","3х1,5мм",10а,кронштейн 450х390х2,GALILEO SGL 100 EVO (400х750х430),4 года ,к внутреннему блоку,25,10,OPT 62,3469
,,,,,,,,,,,,,,,,,
,Сплит- система Paramount ON/OFF для серверных до -40,,,,,,,,,,,,,,,,
,,MSAG1-09HRN1-I/O-40,нет,опция,"1/4"" (6,35мм)","3/8"" (9,53мм)","5х1,5мм","3х1,5мм",10а,кронштейн 450х390х2,GALILEO SGL 100 EVO (400х750х430),4 года ,к внутреннему блоку,20,8,OPT 62,1953
,,MSAG1-12HRN1-I/O-40,нет,опция,"1/4"" (6,35мм)","1/2""(12,7мм)","5х1,5мм","3х1,5мм",10а,кронштейн 450х390х2,GALILEO SGL 100 EVO (400х750х430),4 года ,к внутреннему блоку,20,8,OPT 62,2415
,,MSAG1-18HRN1-I/O-40,нет,опция,"1/4"" (6,35мм)","1/2""(12,7мм)","5х1,5мм","3х1,5мм",16а,Кронштейн КС 450х500,GALILEO SGL 140 EVO (400х750х475),4 года ,к внутреннему блоку,25,10,OPT 75,3409
,,MSAG1-24HRN1-I/O-40,нет,опция,"1/4"" (6,35мм)","5/8""(15,9мм)","5х1,5мм","3х2,5мм",16а,Кронштейн КС 450х500,GALILEO SGL 100 XLL EVO (400х750х625),4 года ,к внутреннему блоку,25,10,OPT 102,4403
,,,,,,,,,,,,,,,,,
,Сплит- система Paramount Inverter для серверных до -40,,,,,,,,,,,,,,,,
,,MSAG1-09N8C2S-I/O-40,да,опция,"1/4"" (6,35мм)","3/8"" (9,53мм)","5х1,5мм","3х1,5мм",10а,кронштейн 450х390х2,GALILEO SGL 100 EVO (400х750х430),4 года ,Наружный блок,25,10,OPT 62,2706
,,MSAG1-12N8C2U-I/O-40,да,опция,"1/4"" (6,35мм)","3/8"" (9,53мм)","5х1,5мм","3х2,5мм",10а,кронштейн 450х390х2,GALILEO SGL 100 EVO (400х750х430),4 года ,Наружный блок,25,10,OPT 62,2958
,,MSAG1-18N8D0-I/O-40,да,опция,"1/4"" (6,35мм)","1/2""(12,7мм)","5х1,5мм","3х2,5мм",16а,Кронштейн КС 450х500,GALILEO SGL 140 EVO (400х750х475),4 года ,Наружный блок,30,20,OPT 75,4151
,,MSAG1-24N8D0-I/O-40,да,опция,"3/8"" (9,53мм)","5/8""(15,9мм)","5х1,5мм","3х2,5мм",16а,Кронштейн КС 450х500,GALILEO SGL 100 XLL EVO (400х750х625),4 года ,Наружный блок,50,25,OPT 102,5303
,,,,,,,,,,,,,,,,,
SAMSUNG,,,,,,,,,,,,,,,,,
,серии Wind-Free Mass (Geo),,,,,,,,,,,,, ,,,
,,AR09BSFAMWKNER,да,да,"1/4"" (6,35мм)","3/8"" (9,53мм)","5х1,5мм","3х1,5мм",10а,кронштейн 450х390х2,GALILEO SGL 100 EVO (400х750х430),5  лет,Наружный блок,20,8,OPT 62,3980
,,AR12BSFAMWKNER,да,да,"1/4"" (6,35мм)","3/8"" (9,53мм)","5х1,5мм","3х1,5мм",10а,кронштейн 450х390х2,GALILEO SGL 100 EVO (400х750х430),5  лет,Наружный блок,20,8,OPT 62,4210
,,AR18BSFAMWKNER,да,да,"1/4"" (6,35мм)","1/2""(12,7мм)","5х1,5мм","3х2,5мм",16а,Кронштейн КС 450х500,GALILEO SGL 140 EVO (400х750х475),5  лет,Наружный блок,25,10,OPT 75,5760
,,AR24BSFAMWKNER,да,да,"3/8"" (9,53мм)","5/8""(15,9мм)","5х1,5мм","3х2,5мм",16а,Кронштейн КС 450х500,GALILEO SGL 100 XLL EVO (400х750х625),5  лет,Наружный блок,25,10,OPT 102,6560
,,,,,,,,,,,,,,,,,
MHI,,,,,,,,,,,,,,,,,
,Настенные сплит-системы Premium ,,,,,,,,,,,,,,,,
,"Белый, Титаниум и Контраст",SRK20ZS-W / SRC20ZS-W,да,опция,"1/4"" (6,35мм)","3/8"" (9,53мм)","5х1,5мм","3х1,5мм",10а,кронштейн 450х390х2,GALILEO SGL 100 EVO (400х750х430),5  лет,Наружный блок,25,15,OPT 62,5180
,,SRK25ZS-W / SRC25ZS-W2,да,опция,"1/4"" (6,35мм)","3/8"" (9,53мм)","5х1,5мм","3х1,5мм",10а,кронштейн 450х390х2,GALILEO SGL 100 EVO (400х750х430),5  лет,Наружный блок,25,15,OPT 62,5830
,,SRK35ZS-W / SRC35ZS-W2,да,опция,"1/4"" (6,35мм)","3/8"" (9,53мм)","5х1,5мм","3х1,5мм",16а,Кронштейн КС 450х500,GALILEO SGL 140 EVO (400х750х475),5  лет,Наружный блок,25,15,OPT 75,6650
,,SRK50ZS-W / SRC50ZS-W,да,опция,"1/4"" (6,35мм)","1/2""(12,7мм)","5х1,5мм","3х2,5мм",16а,Кронштейн КС 450х500,GALILEO SGL 100 XLL EVO (400х750х625),5  лет,Наружный блок,30,20,OPT 102,9210
,,,,,,,,,,,,,,,,,
TOSHIBA,,,,,,,,,,,,,,,,,
,HAORI,RAS-B10N4KVRG-E/ RAS-10J2AVSG-E1,да,опция,"1/4"" (6,35мм)","3/8"" (9,53мм)","5х1,5мм","3х1,5мм",10а,кронштейн 450х390х2,GALILEO SGL 100 EVO (400х750х430),3  года,Наружный блок,20,12,OPT 62,6480
,,RAS-13N4KVRG-EE/RAS-13N4AVRG-EE,да,опция,"1/4"" (6,35мм)","3/8"" (9,53мм)","5х1,5мм","3х1,5мм",10а,кронштейн 450х390х2,GALILEO SGL 100 EVO (400х750х430),3  года,Наружный блок,20,12,OPT 62,7250
,,RAS-B16N4KVRG-E/RAS-RAS-16J2AVSG-E1,да,опция,"1/4"" (6,35мм)","1/2""(12,7мм)","5х1,5мм","3х2,5мм",16а,Кронштейн КС 450х500,GALILEO SGL 140 EVO (400х750х475),3  года,Наружный блок,20,12,OPT 75,8280
,,,,,,,,,,,,,,,,,
,SHORAI EDGE,,,,,,,,,,,,,,,,
,,RAS-B07G3KVSG-EE/RAS-07J2AVSG-E1,да,опция,"1/4"" (6,35мм)","3/8"" (9,53мм)","5х1,5мм","3х1,5мм",10а,кронштейн 450х390х2,GALILEO SGL 100 EVO (400х750х430),3  года,Наружный блок,20,12,OPT 62,5100
,,RAS-B10G3KVSG-E/RAS-10J2AVSG-E1,да,опция,"1/4"" (6,35мм)","3/8"" (9,53мм)","5х1,5мм","3х1,5мм",10а,кронштейн 450х390х2,GALILEO SGL 100 EVO (400х750х430),3  года,Наружный блок,20,12,OPT 62,5450
,,RAS-B13G3KVSG-EE/RAS-13J2AVSG-E1,да,опция,"1/4"" (6,35мм)","3/8"" (9,53мм)","5х1,5мм","3х1,5мм",16а,Кронштейн КС 450х500,GALILEO SGL 140 EVO (400х750х475),3  года,Наружный блок,20,12,OPT 75,6050
,,RAS-16J3KVSG-EE/RAS-16J2AVSG-EE,да,опция,"1/4"" (6,35мм)","1/2""(12,7мм)","5х1,5мм","3х2,5мм",16а,Кронштейн КС 450х500,GALILEO SGL 100 XLL EVO (400х750х625),3  года,Наружный блок,20,12,OPT 102,6910
,,,,,,,,,,,,,,,,,
,SHORAI EDGE BLACK,RAS-B10G3KVSGB-E/RAS-10J2AVSG-E1,да,опция,"1/4"" (6,35мм)","3/8"" (9,53мм)","5х1,5мм","3х1,5мм",10а,кронштейн 450х390х2,GALILEO SGL 100 EVO (400х750х430),3  года,Наружный блок,20,12,OPT 62,5450
,,RAS-B13G3KVSGB-E/RAS-13J2AVSG-E1,да,опция,"1/4"" (6,35мм)","3/8"" (9,53мм)","5х1,5мм","3х1,5мм",10а,кронштейн 450х390х2,GALILEO SGL 100 EVO (400х750х430),3  года,Наружный блок,20,12,OPT 62,6050
,,RAS-B16G3KVSGB-E/RAS-16J2AVSG-E1,да,опция,"1/4"" (6,35мм)","1/2""(12,7мм)","5х1,5мм","3х2,5мм",16а,Кронштейн КС 450х500,GALILEO SGL 140 EVO (400х750х475),3  года,Наружный блок,20,12,OPT 75,6640
,,,,,,,,,,,,,,,,,
,SEIYA (В) (СKVG) NEW,,,,,,,,,,,,,,,,
,,RAS-B05СKVG-EE/RAS-05СAVG-EE,да,опция,"1/4"" (6,35мм)","3/8"" (9,53мм)","5х1,5мм","3х1,5мм",10а,кронштейн 450х390х2,GALILEO SGL 100 EVO (400х750х430),3  года,Наружный блок,20,12,OPT 62,3800
,,RAS-B07СKVG-EE/RAS-07СAVG-EE,да,опция,"1/4"" (6,35мм)","3/8"" (9,53мм)","5х1,5мм","3х1,5мм",10а,кронштейн 450х390х2,GALILEO SGL 100 EVO (400х750х430),3  года,Наружный блок,20,12,OPT 62,3880
,,RAS-B10СKVG-EE/RAS-10СAVG-EE,да,опция,"1/4"" (6,35мм)","3/8"" (9,53мм)","5х1,5мм","3х1,5мм",16а,Кронштейн КС 450х500,GALILEO SGL 140 EVO (400х750х475),3  года,Наружный блок,20,12,OPT 75,3960
,,RAS-B13СKVG-EE/RAS-13СAVG-EE,да,опция,"1/4"" (6,35мм)","3/8"" (9,53мм)","5х1,5мм","3х1,5мм",16а,Кронштейн КС 450х500,GALILEO SGL 100 XLL EVO (400х750х625),3  года,Наружный блок,20,12,OPT 102,4320
ELECTROLUX,,,,,,,,,,,,,,,,,
,AVALANCHE SUPER DC-Inverter,,,,,,,,,,,,,,,,
,,EACS/I-09HAV/N8_22Y,да,опция,"1/4"" (6,35мм)","3/8"" (9,53мм)","5х1,5мм","3х1,5мм",10а,кронштейн 450х390х2,GALILEO SGL 100 EVO (400х750х430),3  года,Наружный блок,15,10,OPT 62,2795
,,EACS/I-12HAV/N8_22Y,да,опция,"1/4"" (6,35мм)","3/8"" (9,53мм)","5х1,5мм","3х1,5мм",10а,кронштейн 450х390х2,GALILEO SGL 100 EVO (400х750х430),3  года,Наружный блок,15,10,OPT 62,2170
,,EACS/I-18HAV/N8_22Y,да,опция,"1/4"" (6,35мм)","1/2""(12,7мм)","5х1,5мм","3х1,5мм",16а,Кронштейн КС 450х500,GALILEO SGL 140 EVO (400х750х475),3  года,Наружный блок,15,10,OPT 75,4860
,,EACS/I-24HAV/N8_22Y,да,опция,"1/4"" (6,35мм)","5/8""(15,9мм)","5х1,5мм","3х2,5мм",16а,Кронштейн КС 450х500,GALILEO SGL 100 XLL EVO (400х750х625),3  года,Наружный блок,20,10,OPT 102,6140
,,,,,,,,,,,,,,,,,
,Onix Black Super DC Inverter,,,,,,,,,,,,,,,,
,,EACS/I-09HIX-BLACK/N8,да,да,"1/4"" (6,35мм)","3/8"" (9,53мм)","5х1,5мм","3х1,5мм",10а,кронштейн 450х390х2,GALILEO SGL 100 EVO (400х750х430),5  лет,Наружный блок,20,10,OPT 62,2850
,,EACS/I-12HIX-BLACK/N8,да,да,"1/4"" (6,35мм)","3/8"" (9,53мм)","5х1,5мм","3х1,5мм",10а,кронштейн 450х390х2,GALILEO SGL 100 EVO (400х750х430),5  лет,Наружный блок,20,10,OPT 62,3140
,,EACS/I-18HIX-BLACK/N8,да,да,"1/4"" (6,35мм)","1/2""(12,7мм)","5х1,5мм","3х2,5мм",16а,Кронштейн КС 450х500,GALILEO SGL 140 EVO (400х750х475),5  лет,Наружный блок,20,10,OPT 75,4800
,,EACS/I-24HIX-BLACK/N8,да,да,"1/4"" (6,35мм)","5/8""(15,9мм)","5х1,5мм","3х2,5мм",16а,Кронштейн КС 450х500,GALILEO SGL 100 XLL EVO (400х750х625),5  лет,Наружный блок,25,10,OPT 102,5940
,,,,,,,,,,,,,,,,,
,ENTERPRISE BLACK Super DC Inverter,,,,,,,,,,,,,,,,
,,EACS/I-09HEN-BLACK/N8_24Y,да,нет,"1/4"" (6,35мм)","3/8"" (9,53мм)","5х1,5мм","3х1,5мм",10а,кронштейн 450х390х2,GALILEO SGL 100 EVO (400х750х430),5  лет,Наружный блок,15,10,OPT 62,3870
,,EACS/I-12HEN-BLACK/N8_24Y,да,нет,"1/4"" (6,35мм)","3/8"" (9,53мм)","5х1,5мм","3х1,5мм",10а,кронштейн 450х390х2,GALILEO SGL 100 EVO (400х750х430),5  лет,Наружный блок,15,10,OPT 62,4290
,,EACS/I-18HEN-BLACK/N8_24Y,да,нет,"1/4"" (6,35мм)","1/2""(12,7мм)","5х1,5мм","3х2,5мм",16а,Кронштейн КС 450х500,GALILEO SGL 140 EVO (400х750х475),5  лет,Наружный блок,15,10,OPT 75,5400
,,EACS/I-24HEN-BLACK/N8_24Y,да,нет,"1/4"" (6,35мм)","5/8""(15,9мм)","5х1,5мм","3х2,5мм",16а,Кронштейн КС 450х500,GALILEO SGL 100 XLL EVO (400х750х625),5  лет,Наружный блок,20,10,OPT 102,6990
,,,,,,,,,,,,,,,,,
,Smartline DC ,,,,,,,,,,,,,,,,
,,EACS/I-09HSM/N8,да,да,"1/4"" (6,35мм)","3/8"" (9,53мм)","5х1,5мм","3х1,5мм",10а,кронштейн 450х390х2,GALILEO SGL 100 EVO (400х750х430),5  лет,Наружный блок,25,10,OPT 62,2140
,,EACS/I-12HSM/N8,да,да,"1/4"" (6,35мм)","3/8"" (9,53мм)","5х1,5мм","3х1,5мм",10а,кронштейн 450х390х2,GALILEO SGL 100 EVO (400х750х430),5  лет,Наружный блок,25,10,OPT 62,2490
,,EACS/I-18HSM/N8,да,да,"1/4"" (6,35мм)","1/2""(12,7мм)","5х1,5мм","3х2,5мм",16а,Кронштейн КС 450х500,GALILEO SGL 140 EVO (400х750х475),5  лет,Наружный блок,30,20,OPT 75,4140
,,EACS/I-24HSM/N8,да,да,"1/2""(12,7мм)","5/8""(15,9мм)","5х1,5мм","3х2,5мм",16а,Кронштейн КС 450х500,GALILEO SGL 100 XLL EVO (400х750х625),5  лет,Наружный блок,50,25,OPT 102,5150
GREE,,,,,,,,,,,,,,,,,
,AIRY INVERTER R32 WHITE,,,,,,,,,,,,,,,,
,,GWH09AVCXB-K6DNA1B(white)  ,да,да,"1/4"" (6,35мм)","3/8"" (9,53мм)","5х1,5мм","3х1,5мм",10а,кронштейн 450х390х2,GALILEO SGL 100 EVO (400х750х430),5  лет,Наружный блок,15,10,OPT 62,3386
,,GWH12AVCXD-K6DNA1A(white)  ,да,да,"1/4"" (6,35мм)","3/8"" (9,53мм)","5х1,5мм","3х1,5мм",10а,кронштейн 450х390х2,GALILEO SGL 100 EVO (400х750х430),5  лет,Наружный блок,20,10,OPT 62,3554
,,GWH18AVDXE-K6DNA1A(white)  ,да,да,"1/4"" (6,35мм)","1/2""(12,7мм)","5х1,5мм","3х1,5мм",16а,Кронштейн КС 450х500,GALILEO SGL 140 EVO (400х750х475),5  лет,Наружный блок,25,10,OPT 75,5209
,,GWH24AVEXF-K6DNA1A(white)  ,да,да,"1/2""(12,7мм)","5/8""(15,9мм)","5х1,5мм","3х2,5мм",16а,Кронштейн КС 450х500,GALILEO SGL 100 XLL EVO (400х750х625),5  лет,Наружный блок,25,10,OPT 102,6204
,,,,,,,,,,,,,,,,,
,AIRY INVERTER R32 BLACK,,,,,,,,,,,,,,,,
,,GWH09AVCXB-K6DNA1B(black),да,да,"1/4"" (6,35мм)","3/8"" (9,53мм)","5х1,5мм","3х1,5мм",10а,кронштейн 450х390х2,GALILEO SGL 100 EVO (400х750х430),5  лет,Наружный блок,15,10,OPT 62,3503
,,GWH12AVCXD-K6DNA1A(black),да,да,"1/4"" (6,35мм)","3/8"" (9,53мм)","5х1,5мм","3х1,5мм",10а,кронштейн 450х390х2,GALILEO SGL 100 EVO (400х750х430),5  лет,Наружный блок,20,10,OPT 62,3726
,,GWH18AVDXE-K6DNA1A(black),да,да,"1/4"" (6,35мм)","1/2""(12,7мм)","5х1,5мм","3х1,5мм",16а,Кронштейн КС 450х500,GALILEO SGL 140 EVO (400х750х475),5  лет,Наружный блок,25,10,OPT 75,5290
,,GWH24AVEXF-K6DNA1A(black),да,да,"1/2""(12,7мм)","5/8""(15,9мм)","5х1,5мм","3х2,5мм",16а,Кронштейн КС 450х500,GALILEO SGL 100 XLL EVO (400х750х625),5  лет,Наружный блок,25,10,OPT 102,6392
,,,,,,,,,,,,,,,,,
,AIRY INVERTER R32 GOLD,,,,,,,,,,,,,,,,
,,GWH09AVCXB-K6DNA1B(champagne),да,да,"1/4"" (6,35мм)","3/8"" (9,53мм)","5х1,5мм","3х1,5мм",10а,кронштейн 450х390х2,GALILEO SGL 100 EVO (400х750х430),5  лет,Наружный блок,15,10,OPT 62,3503
,,GWH12AVCXD-K6DNA1A(champagne),да,да,"1/4"" (6,35мм)","3/8"" (9,53мм)","5х1,5мм","3х1,5мм",10а,кронштейн 450х390х2,GALILEO SGL 100 EVO (400х750х430),5  лет,Наружный блок,20,10,OPT 62,3726
,,GWH18AVDXE-K6DNA1A(champagne),да,да,"1/4"" (6,35мм)","1/2""(12,7мм)","5х1,5мм","3х1,5мм",16а,Кронштейн КС 450х500,GALILEO SGL 140 EVO (400х750х475),5  лет,Наружный блок,25,10,OPT 75,5290
,,GWH24AVEXF-K6DNA1A(champagne),да,да,"1/2""(12,7мм)","5/8""(15,9мм)","5х1,5мм","3х2,5мм",16а,Кронштейн КС 450х500,GALILEO SGL 100 XLL EVO (400х750х625),5  лет,Наружный блок,25,10,OPT 102,6392
,,,,,,,,,,,,,,,,,
,PULAR  ,,,,,,,,,,,,,,,,
,,GWH09AGAXA-K3NNA1A,нет,опция,"1/4"" (6,35мм)","3/8"" (9,53мм)","5х1,5мм","3х1,5мм",10а,кронштейн 450х390х2,GALILEO SGL 100 EVO (400х750х430),5  лет,к внутреннему блоку,15,10,OPT 62,1 447
,,GWH12AGBXB-K3NNA1B,нет,опция,"1/4"" (6,35мм)","1/2""(12,7мм)","5х1,5мм","3х1,5мм",10а,кронштейн 450х390х2,GALILEO SGL 100 EVO (400х750х430),5  лет,к внутреннему блоку,20,10,OPT 62,1 970
,,GWH18AGCXD-K3NNA1B,нет,опция,"1/4"" (6,35мм)","1/2""(12,7мм)","5х1,5мм","3х1,5мм",16а,Кронштейн КС 450х500,GALILEO SGL 140 EVO (400х750х475),5  лет,к внутреннему блоку,25,10,OPT 75,3 579
,,GWH24AADXE-K3NNA1A,нет,опция,"1/4"" (6,35мм)","1/2""(12,7мм)","5х1,5мм","3х1,5мм",16а,Кронштейн КС 450х500,GALILEO SGL 100 XLL EVO (400х750х625),5  лет,к внутреннему блоку,30,10,OPT 102,4 432
,,,,,,,,,,,,,,,,,
,LYRA INVERTER R32 WHITE,,,,,,,,,,,,,,,,
,,GWH09ACC-K6DNA1F(white),да,да,"1/4"" (6,35мм)","3/8"" (9,53мм)","5х1,5мм","3х1,5мм",10а,кронштейн 450х390х2,GALILEO SGL 100 EVO (400х750х430),5  лет,Наружный блок,15,10,OPT 62,2 914
,,GWH12ACC-K6DNA1F(white)  ,да,да,"1/4"" (6,35мм)","3/8"" (9,53мм)","5х1,5мм","3х1,5мм",10а,кронштейн 450х390х2,GALILEO SGL 100 EVO (400х750х430),5  лет,Наружный блок,20,10,OPT 62,3 036
,,GWH18ACD-K6DNA1I (white)   ,да,да,"1/4"" (6,35мм)","1/2""(12,7мм)","5х1,5мм","3х1,5мм",16а,Кронштейн КС 450х500,GALILEO SGL 140 EVO (400х750х475),5  лет,Наружный блок,25,10,OPT 75,4 701
,,GWH24ACE-K6DNA1I (white)    ,да,да,"1/2""(12,7мм)","5/8""(15,9мм)","5х1,5мм","3х2,5мм",16а,Кронштейн КС 450х500,GALILEO SGL 100 XLL EVO (400х750х625),5  лет,Наружный блок,25,10,OPT 102,6 102
,,,,,,,,,,,,,,,,,
,LYRA INVERTER R32 BLACK,,,,,,,,,,,,,,,,
,,GWH09ACC-K6DNA1F(black),да,да,"1/4"" (6,35мм)","3/8"" (9,53мм)","5х1,5мм","3х1,5мм",10а,кронштейн 450х390х2,GALILEO SGL 100 EVO (400х750х430),5  лет,Наружный блок,15,10,OPT 62,2 980
,,GWH12ACC-K6DNA1F(black),да,да,"1/4"" (6,35мм)","3/8"" (9,53мм)","5х1,5мм","3х1,5мм",10а,кронштейн 450х390х2,GALILEO SGL 100 EVO (400х750х430),5  лет,Наружный блок,20,10,OPT 62,3 087
,,GWH18ACD-K6DNA1I(black),да,да,"1/4"" (6,35мм)","1/2""(12,7мм)","5х1,5мм","3х1,5мм",16а,Кронштейн КС 450х500,GALILEO SGL 140 EVO (400х750х475),5  лет,Наружный блок,25,10,OPT 75,4 920
,,GWH24ACE-K6DNA1I(black),да,да,"1/2""(12,7мм)","5/8""(15,9мм)","5х1,5мм","3х2,5мм",16а,Кронштейн КС 450х500,GALILEO SGL 100 XLL EVO (400х750х625),5  лет,Наружный блок,25,10,OPT 102,6 148
,,,,,,,,,,,,,,,,,
,LYRA INVERTER R32 GOLD,,,,,,,,,,,,,,,,
,,GWH09ACC-K6DNA1F (champagne),да,да,"1/4"" (6,35мм)","3/8"" (9,53мм)","5х1,5мм","3х1,5мм",10а,кронштейн 450х390х2,GALILEO SGL 100 EVO (400х750х430),5  лет,Наружный блок,15,10,OPT 62,3 011
,,GWH12ACC-K6DNA1F (champagne),да,да,"1/4"" (6,35мм)","3/8"" (9,53мм)","5х1,5мм","3х1,5мм",10а,кронштейн 450х390х2,GALILEO SGL 100 EVO (400х750х430),5  лет,Наружный блок,20,10,OPT 62,3 107
,,GWH18ACD-K6DNA1I (champagne),да,да,"1/4"" (6,35мм)","1/2""(12,7мм)","5х1,5мм","3х1,5мм",16а,Кронштейн КС 450х500,GALILEO SGL 140 EVO (400х750х475),5  лет,Наружный блок,25,10,OPT 75,4 920
,,GWH24ACE-K6DNA1I (champagne),да,да,"1/2""(12,7мм)","5/8""(15,9мм)","5х1,5мм","3х2,5мм",16а,Кронштейн КС 450х500,GALILEO SGL 100 XLL EVO (400х750х625),5  лет,Наружный блок,25,10,OPT 102,6 148
,,,,,,,,,,,,,,,,,
Hisense,,,,,,,,,,,,,,,,,
,NEO Premium Classic A 2025 WI-FI,,,,,,,,,,,,,,,,
,,AS-07HW4SYDTG035,нет,опция,"1/4"" (6,35мм)","3/8"" (9,53мм)","5х1,5мм","3х1,5мм",10а,кронштейн 450х390х2,GALILEO SGL 100 EVO (400х750х430),4 года ,к внутреннему блоку,15,8,OPT 62,1481
,,AS-10HW4SYDTG5,нет,опция,"1/4"" (6,35мм)","3/8"" (9,53мм)","5х1,5мм","3х1,5мм",10а,кронштейн 450х390х2,GALILEO SGL 100 EVO (400х750х430),4 года ,к внутреннему блоку,20,8,OPT 62,1608
,,AS-18HW4SMATG015,нет,опция,"1/4"" (6,35мм)","1/2""(12,7мм)","5х1,5мм","3х2,5мм",16а,Кронштейн КС 450х500,GALILEO SGL 140 EVO (400х750х475),4 года ,к внутреннему блоку,20,8,OPT 75,3460
,,,,,,,,,,,,,,,,,
,ERA Classic A R32 ,,,,,,,,,,,,,,,,
,,AS-09HR4RLRKC01,нет,опция,"1/4"" (6,35мм)","3/8"" (9,53мм)","5х1,5мм","3х1,5мм",10а,кронштейн 450х390х2,GALILEO SGL 100 EVO (400х750х430),4 года ,к внутреннему блоку,15,8,OPT 62,1220
,,AS-12HR4RLRKC01,нет,опция,"1/4"" (6,35мм)","3/8"" (9,53мм)","5х1,5мм","3х1,5мм",10а,кронштейн 450х390х2,GALILEO SGL 100 EVO (400х750х430),4 года ,к внутреннему блоку,15,8,OPT 62,1560
,,AS-18HR4RMSKC00,нет,опция,"1/4"" (6,35мм)","1/2""(12,7мм)","5х1,5мм","3х2,5мм",16а,Кронштейн КС 450х500,GALILEO SGL 140 EVO (400х750х475),4 года ,к внутреннему блоку,20,10,OPT 75,2580
,,AS-24HR4RBSKC00,нет,опция,"1/4"" (6,35мм)","5/8""(15,9мм)","6х1,5мм","3х2,5мм",16а,Кронштейн КС 450х500,GALILEO SGL 100 XLL EVO (400х750х625),4 года ,к внутреннему блоку,20,10,OPT 102,3150
,,,,,,,,,,,,,,,,,
,PREMIUM Design Super DC Inverter 2025 WI-FI,,,,,,,,,,,,,,,,
,,AS-10UW4RVETG01,да,да,"1/4"" (6,35мм)","3/8"" (9,53мм)","5х1,5мм","3х1,5мм",10а,кронштейн 450х390х2,GALILEO SGL 100 EVO (400х750х430),4 года ,к внутреннему блоку,20,8,OPT 62,2548
,,AS-13UW4RVETG01,да,да,"1/4"" (6,35мм)","3/8"" (9,53мм)","5х1,5мм","3х1,5мм",10а,кронштейн 450х390х2,GALILEO SGL 100 EVO (400х750х430),4 года ,к внутреннему блоку,20,8,OPT 62,2864
,,AS-18UW4RXATG03,да,да,"1/4"" (6,35мм)","1/2""(12,7мм)","5х1,5мм","3х2,5мм",16а,Кронштейн КС 450х500,GALILEO SGL 140 EVO (400х750х475),4 года ,к внутреннему блоку,20,10,OPT 75,4645
,,,,,,,,,,,,,,,,,
,RED CRYSTAL SUPER DC Inverter,,,,,,,,,,,,,,,,
,,AS-10UW4RVETG01(R ),да,да,"1/4"" (6,35мм)","3/8"" (9,53мм)","5х1,5мм","3х1,5мм",10а,кронштейн 450х390х2,GALILEO SGL 100 EVO (400х750х430),4 года ,к внутреннему блоку,20,8,OPT 62,2457
,,AS-13UW4RVETG01(R ),да,да,"1/4"" (6,35мм)","3/8"" (9,53мм)","5х1,5мм","3х1,5мм",10а,кронштейн 450х390х2,GALILEO SGL 100 EVO (400х750х430),4 года ,к внутреннему блоку,20,8,OPT 62,2773
,,,,,,,,,,,,,,,,,
,CITY DC Inverter NEW 2025,,,,,,,,,,,,,,,,
,,AS-09UW4RYRCA05G/AS-09UW4RYRCA05W,да,да,"1/4"" (6,35мм)","3/8"" (9,53мм)","5х1,5мм","3х1,5мм",10а,кронштейн 450х390х2,GALILEO SGL 100 EVO (400х750х430),4 года ,к внутреннему блоку,15,8,OPT 62,2481
,,AS-13UW4RYRCA04G/AS-13UW4RYRCA04W,да,да,"1/4"" (6,35мм)","3/8"" (9,53мм)","5х1,5мм","3х1,5мм",10а,кронштейн 450х390х2,GALILEO SGL 100 EVO (400х750х430),4 года ,к внутреннему блоку,15,8,OPT 62,28899
,,AS-18UW4RMSCA01G/AS-18UW4RMSCA01W,да,да,"1/4"" (6,35мм)","1/2""(12,7мм)","5х1,5мм","3х2,5мм",16а,Кронштейн КС 450х500,GALILEO SGL 140 EVO (400х750х475),4 года ,к внутреннему блоку,20,10,OPT 75,4807
,,AS-24UW4RBTCA00G/AS-24UW4RBTCA00W,да,да,"3/8"" (9,53мм)","5/8""(15,9мм)","6х1,5мм","3х2,5мм",16а,Кронштейн КС 450х500,GALILEO SGL 100 XLL EVO (400х750х625),4 года ,к внутреннему блоку,20,10,OPT 102,5858
,,,,,,,,,,,,,,,,,
,,,,,,,,,,,,,,,,,
,,,,,,,,,,,,,,,,,
,"Если монтажник выбирает, например - добавить дренажный насос, то  к материалах будет обязательно шлан виниловый прозрачный D6х9 мм",,,,,,,,,,,,,,,,
,Во всех остальных случаях без дренажного насоса будет шланг гофр. 16мм дренажный,,,,,,,,,,,,,,,,
,"Если мы дренаж монтируем в штробе, то обязательно появляется полипропиленовая труба, муфты к ней и повороты. В прайс по материалам я их уже добавил.",,,,,,,,,,,,,,,,
,Универсальный финишный фланец с фиксатором дренажа RA  от Ø 62 до Ø 74 мм - подходит к любым моделям,,,,,,,,,,,,,,,,
,Универсальный финишный фланец RFE Ø 62 до Ø 100 мм - подходит к любым моделям,,,,,,,,,,,,,,,,
,"автомат электрический не часто применяется при монтаже, но время от времени такой запрос от заказчика есть и тогда мы включаем его список материалов",,,,,,,,,,,,,,,,
,"Подставка разборная под наружный блок кондиционера 935х500х315 (2мм) - по сути подходит к любому наружному блоку кондиционера. На нее мы монтируем кондиционер, когда кровля плоская. Часто для него нужен еще ",,,,,,,,,,,,,,,,
,"SBR EXTREME-20 600 c креплением, резьбовой пластиной типа B и шайбой  - эта штука как раз для варинтов, когда на крышу плоскую нужно поставить наружку. Можно использовать с рамой, можно без",,,,,,,,,,,,,,,,